,PassengerId,Age,Fare,FamilySize,IsMother,Ismale,Pclass_1,Pclass_2,Pclass_3,Title_Lady,Title_Master,Title_Miss,Title_Mr,Title_Mrs,Title_Officer,Title_Sir,AgeState_Adult,AgeState_Child,FareBin_veryLow,FareBin_Low,FareBin_high,FareBin_veryHigh,Embarked_C,Embarked_Q,Embarked_S,SurvivedPred
0,892,34.5,7.8292,1,0,1,0,0,1,0,0,0,1,0,0,0,1,0,1,0,0,0,0,1,0,0
2,894,62.0,9.6875,1,0,1,0,1,0,0,0,0,1,0,0,0,1,0,0,1,0,0,0,1,0,0
3,895,27.0,8.6625,1,0,1,0,0,1,0,0,0,1,0,0,0,1,0,0,1,0,0,0,0,1,0
5,897,14.0,9.225,1,0,1,0,0,1,0,0,0,1,0,0,0,0,1,0,1,0,0,0,0,1,0
7,899,26.0,29.0,3,0,1,0,1,0,0,0,0,1,0,0,0,1,0,0,0,1,0,0,0,1,0
9,901,21.0,24.15,3,0,1,0,0,1,0,0,0,1,0,0,0,1,0,0,0,1,0,0,0,1,0
10,902,29.0,7.8958,1,0,1,0,0,1,0,0,0,1,0,0,0,1,0,1,0,0,0,0,0,1,0
11,903,46.0,26.0,1,0,1,1,0,0,0,0,0,1,0,0,0,1,0,0,0,1,0,0,0,1,0
13,905,63.0,26.0,2,0,1,0,1,0,0,0,0,1,0,0,0,1,0,0,0,1,0,0,0,1,0
16,908,35.0,12.35,1,0,1,0,1,0,0,0,0,1,0,0,0,1,0,0,1,0,0,0,1,0,0
17,909,21.0,7.225,1,0,1,0,0,1,0,0,0,1,0,0,0,1,0,1,0,0,0,1,0,0,0
20,912,55.0,59.4,2,0,1,1,0,0,0,0,0,1,0,0,0,1,0,0,0,0,1,1,0,0,0
23,915,21.0,61.3792,2,0,1,1,0,0,0,0,0,1,0,0,0,1,0,0,0,0,1,1,0,0,0
25,917,50.0,14.5,2,0,1,0,0,1,0,0,0,1,0,0,0,1,0,0,0,1,0,0,0,1,0
27,919,22.5,7.225,1,0,1,0,0,1,0,0,0,1,0,0,0,1,0,1,0,0,0,1,0,0,0
28,920,41.0,30.5,1,0,1,1,0,0,0,0,0,1,0,0,0,1,0,0,0,1,0,0,0,1,0
29,921,29.0,21.6792,3,0,1,0,0,1,0,0,0,1,0,0,0,1,0,0,0,1,0,1,0,0,0
30,922,50.0,26.0,2,0,1,0,1,0,0,0,0,1,0,0,0,1,0,0,0,1,0,0,0,1,0
31,923,24.0,31.5,3,0,1,0,1,0,0,0,0,1,0,0,0,1,0,0,0,0,1,0,0,1,0
34,926,30.0,57.75,2,0,1,1,0,0,0,0,0,1,0,0,0,1,0,0,0,0,1,1,0,0,0
35,927,18.5,7.2292,1,0,1,0,0,1,0,0,0,1,0,0,0,1,0,1,0,0,0,1,0,0,0
38,930,25.0,9.5,1,0,1,0,0,1,0,0,0,1,0,0,0,1,0,0,1,0,0,0,0,1,0
39,931,29.0,56.4958,1,0,1,0,0,1,0,0,0,1,0,0,0,1,0,0,0,0,1,0,0,1,0
40,932,39.0,13.4167,2,0,1,0,0,1,0,0,0,1,0,0,0,1,0,0,1,0,0,1,0,0,0
41,933,29.0,26.55,1,0,1,1,0,0,0,0,0,1,0,0,0,1,0,0,0,1,0,0,0,1,0
42,934,41.0,7.85,1,0,1,0,0,1,0,0,0,1,0,0,0,1,0,1,0,0,0,0,0,1,0
45,937,25.0,7.925,1,0,1,0,0,1,0,0,0,1,0,0,0,1,0,0,1,0,0,0,0,1,0
46,938,45.0,29.7,1,0,1,1,0,0,0,0,0,1,0,0,0,1,0,0,0,1,0,1,0,0,0
47,939,29.0,7.75,1,0,1,0,0,1,0,0,0,1,0,0,0,1,0,1,0,0,0,0,1,0,0
50,942,24.0,60.0,2,0,1,1,0,0,0,0,0,1,0,0,0,1,0,0,0,0,1,0,0,1,0
51,943,27.0,15.0333,1,0,1,0,1,0,0,0,0,1,0,0,0,1,0,0,0,1,0,1,0,0,0
54,946,29.0,15.5792,1,0,1,0,1,0,0,0,0,1,0,0,0,1,0,0,0,1,0,1,0,0,0
55,947,10.0,29.125,6,0,1,0,0,1,0,1,0,0,0,0,0,0,1,0,0,1,0,0,1,0,0
56,948,35.0,7.8958,1,0,1,0,0,1,0,0,0,1,0,0,0,1,0,1,0,0,0,0,0,1,0
57,949,25.0,7.65,1,0,1,0,0,1,0,0,0,1,0,0,0,1,0,1,0,0,0,0,0,1,0
58,950,29.0,16.1,2,0,1,0,0,1,0,0,0,1,0,0,0,1,0,0,0,1,0,0,0,1,0
60,952,17.0,7.8958,1,0,1,0,0,1,0,0,0,1,0,0,0,0,1,1,0,0,0,0,0,1,0
61,953,32.0,13.5,1,0,1,0,1,0,0,0,0,1,0,0,0,1,0,0,1,0,0,0,0,1,0
62,954,18.0,7.75,1,0,1,0,0,1,0,0,0,1,0,0,0,1,0,1,0,0,0,0,0,1,0
67,959,47.0,42.4,1,0,1,1,0,0,0,0,0,1,0,0,0,1,0,0,0,0,1,0,0,1,0
68,960,31.0,28.5375,1,0,1,1,0,0,0,0,0,1,0,0,0,1,0,0,0,1,0,1,0,0,0
71,963,21.0,7.8958,1,0,1,0,0,1,0,0,0,1,0,0,0,1,0,1,0,0,0,0,0,1,0
73,965,28.5,27.7208,1,0,1,1,0,0,0,0,0,1,0,0,0,1,0,0,0,1,0,1,0,0,0
76,968,29.0,8.05,1,0,1,0,0,1,0,0,0,1,0,0,0,1,0,0,1,0,0,0,0,1,0
78,970,30.0,13.0,1,0,1,0,1,0,0,0,0,1,0,0,0,1,0,0,1,0,0,0,0,1,0
81,973,67.0,221.7792,2,0,1,1,0,0,0,0,0,1,0,0,0,1,0,0,0,0,1,0,0,1,0
82,974,49.0,26.0,1,0,1,1,0,0,0,0,0,1,0,0,0,1,0,0,0,1,0,0,0,1,0
83,975,29.0,7.8958,1,0,1,0,0,1,0,0,0,1,0,0,0,1,0,1,0,0,0,0,0,1,0
84,976,29.0,10.7083,1,0,1,0,1,0,0,0,0,1,0,0,0,1,0,0,1,0,0,0,1,0,0
85,977,29.0,14.4542,2,0,1,0,0,1,0,0,0,1,0,0,0,1,0,0,1,0,0,1,0,0,0
91,983,29.0,7.775,1,0,1,0,0,1,0,0,0,1,0,0,0,1,0,1,0,0,0,0,0,1,0
93,985,29.0,8.05,1,0,1,0,0,1,0,0,0,1,0,0,0,1,0,0,1,0,0,0,0,1,0
94,986,25.0,26.0,1,0,1,1,0,0,0,0,0,1,0,0,0,1,0,0,0,1,0,1,0,0,0
95,987,25.0,7.7958,1,0,1,0,0,1,0,0,0,1,0,0,0,1,0,1,0,0,0,0,0,1,0
97,989,29.0,7.925,1,0,1,0,0,1,0,0,0,1,0,0,0,1,0,0,1,0,0,0,0,1,0
99,991,33.0,8.05,1,0,1,0,0,1,0,0,0,1,0,0,0,1,0,0,1,0,0,0,0,1,0
101,993,27.0,26.0,2,0,1,0,1,0,0,0,0,1,0,0,0,1,0,0,0,1,0,0,0,1,0
102,994,29.0,7.75,1,0,1,0,0,1,0,0,0,1,0,0,0,1,0,1,0,0,0,0,1,0,0
103,995,26.0,7.775,1,0,1,0,0,1,0,0,0,1,0,0,0,1,0,1,0,0,0,0,0,1,0
105,997,28.0,22.525,1,0,1,0,0,1,0,0,0,1,0,0,0,1,0,0,0,1,0,0,0,1,0
106,998,21.0,7.8208,1,0,1,0,0,1,0,0,0,1,0,0,0,1,0,1,0,0,0,0,1,0,0
107,999,29.0,7.75,1,0,1,0,0,1,0,0,0,1,0,0,0,1,0,1,0,0,0,0,1,0,0
108,1000,29.0,8.7125,1,0,1,0,0,1,0,0,0,1,0,0,0,1,0,0,1,0,0,0,0,1,0
109,1001,18.5,13.0,1,0,1,0,1,0,0,0,0,1,0,0,0,1,0,0,1,0,0,0,0,1,0
110,1002,41.0,15.0458,1,0,1,0,1,0,0,0,0,1,0,0,0,1,0,0,0,1,0,1,0,0,0
115,1007,18.0,14.4542,2,0,1,0,0,1,0,0,0,1,0,0,0,1,0,0,1,0,0,1,0,0,0
116,1008,29.0,6.4375,1,0,1,0,0,1,0,0,0,1,0,0,0,1,0,1,0,0,0,1,0,0,0
118,1010,36.0,75.2417,1,0,1,1,0,0,0,0,0,1,0,0,0,1,0,0,0,0,1,1,0,0,0
121,1013,29.0,7.75,2,0,1,0,0,1,0,0,0,1,0,0,0,1,0,1,0,0,0,0,1,0,0
123,1015,28.0,7.25,1,0,1,0,0,1,0,0,0,1,0,0,0,1,0,1,0,0,0,0,0,1,0
124,1016,29.0,7.75,1,0,1,0,0,1,0,0,0,1,0,0,0,1,0,1,0,0,0,0,1,0,0
126,1018,22.0,7.7958,1,0,1,0,0,1,0,0,0,1,0,0,0,1,0,1,0,0,0,0,0,1,0
128,1020,42.0,13.0,1,0,1,0,1,0,0,0,0,1,0,0,0,1,0,0,1,0,0,0,0,1,0
129,1021,24.0,8.05,1,0,1,0,0,1,0,0,0,1,0,0,0,1,0,0,1,0,0,0,0,1,0
130,1022,32.0,8.05,1,0,1,0,0,1,0,0,0,1,0,0,0,1,0,0,1,0,0,0,0,1,0
131,1023,53.0,28.5,1,0,1,1,0,0,0,0,0,0,0,1,0,1,0,0,0,1,0,1,0,0,0
132,1024,35.0,25.4667,5,1,0,0,0,1,0,0,0,0,1,0,0,1,0,0,0,1,0,0,0,1,0
133,1025,29.0,6.4375,2,0,1,0,0,1,0,0,0,1,0,0,0,1,0,1,0,0,0,1,0,0,0
134,1026,43.0,7.8958,1,0,1,0,0,1,0,0,0,1,0,0,0,1,0,1,0,0,0,0,0,1,0
135,1027,24.0,7.8542,1,0,1,0,0,1,0,0,0,1,0,0,0,1,0,1,0,0,0,0,0,1,0
136,1028,26.5,7.225,1,0,1,0,0,1,0,0,0,1,0,0,0,1,0,1,0,0,0,1,0,0,0
137,1029,26.0,13.0,1,0,1,0,1,0,0,0,0,1,0,0,0,1,0,0,1,0,0,0,0,1,0
139,1031,40.0,46.9,8,0,1,0,0,1,0,0,0,1,0,0,0,1,0,0,0,0,1,0,0,1,0
140,1032,10.0,46.9,8,0,0,0,0,1,0,0,1,0,0,0,0,0,1,0,0,0,1,0,0,1,0
142,1034,61.0,262.375,5,0,1,1,0,0,0,0,0,1,0,0,0,1,0,0,0,0,1,1,0,0,0
143,1035,28.0,26.0,1,0,1,0,1,0,0,0,0,1,0,0,0,1,0,0,0,1,0,0,0,1,0
144,1036,42.0,26.55,1,0,1,1,0,0,0,0,0,1,0,0,0,1,0,0,0,1,0,0,0,1,0
145,1037,31.0,18.0,4,0,1,0,0,1,0,0,0,1,0,0,0,1,0,0,0,1,0,0,0,1,0
146,1038,29.0,51.8625,1,0,1,1,0,0,0,0,0,1,0,0,0,1,0,0,0,0,1,0,0,1,0
147,1039,22.0,8.05,1,0,1,0,0,1,0,0,0,1,0,0,0,1,0,0,1,0,0,0,0,1,0
148,1040,29.0,26.55,1,0,1,1,0,0,0,0,0,1,0,0,0,1,0,0,0,1,0,0,0,1,0
149,1041,30.0,26.0,3,0,1,0,1,0,0,0,0,0,0,0,1,1,0,0,0,1,0,0,0,1,0
151,1043,29.0,7.8958,1,0,1,0,0,1,0,0,0,1,0,0,0,1,0,1,0,0,0,1,0,0,0
152,1044,60.5,8.05,1,0,1,0,0,1,0,0,0,1,0,0,0,1,0,0,1,0,0,0,0,1,0
154,1046,13.0,31.3875,7,0,1,0,0,1,0,1,0,0,0,0,0,0,1,0,0,0,1,0,0,1,0
155,1047,24.0,7.55,1,0,1,0,0,1,0,0,0,1,0,0,0,1,0,1,0,0,0,0,0,1,0
158,1050,42.0,26.55,1,0,1,1,0,0,0,0,0,1,0,0,0,1,0,0,0,1,0,0,0,1,0
163,1055,29.0,7.0,1,0,1,0,0,1,0,0,0,1,0,0,0,1,0,1,0,0,0,0,0,1,0
164,1056,41.0,13.0,1,0,1,0,1,0,0,0,0,0,0,0,1,1,0,0,1,0,0,0,0,1,0
166,1058,48.0,50.4958,1,0,1,1,0,0,0,0,0,1,0,0,0,1,0,0,0,0,1,1,0,0,0
167,1059,18.0,34.375,5,0,1,0,0,1,0,0,0,1,0,0,0,1,0,0,0,0,1,0,0,1,0
170,1062,29.0,7.55,1,0,1,0,0,1,0,0,0,1,0,0,0,1,0,1,0,0,0,0,0,1,0
171,1063,27.0,7.225,1,0,1,0,0,1,0,0,0,1,0,0,0,1,0,1,0,0,0,1,0,0,0
172,1064,23.0,13.9,2,0,1,0,0,1,0,0,0,1,0,0,0,1,0,0,1,0,0,0,0,1,0
173,1065,29.0,7.2292,1,0,1,0,0,1,0,0,0,1,0,0,0,1,0,1,0,0,0,1,0,0,0
174,1066,40.0,31.3875,7,0,1,0,0,1,0,0,0,1,0,0,0,1,0,0,0,0,1,0,0,1,0
177,1069,54.0,55.4417,2,0,1,1,0,0,0,0,0,1,0,0,0,1,0,0,0,0,1,1,0,0,0
180,1072,30.0,13.0,1,0,1,0,1,0,0,0,0,1,0,0,0,1,0,0,1,0,0,0,0,1,0
181,1073,37.0,83.1583,3,0,1,1,0,0,0,0,0,1,0,0,0,1,0,0,0,0,1,1,0,0,0
183,1075,29.0,7.75,1,0,1,0,0,1,0,0,0,1,0,0,0,1,0,1,0,0,0,0,1,0,0
185,1077,40.0,16.0,1,0,1,0,1,0,0,0,0,1,0,0,0,1,0,0,0,1,0,0,0,1,0
187,1079,17.0,8.05,3,0,1,0,0,1,0,0,0,1,0,0,0,0,1,0,1,0,0,0,0,1,0
188,1080,22.0,69.55,11,0,0,0,0,1,0,0,1,0,0,0,0,1,0,0,0,0,1,0,0,1,0
189,1081,40.0,13.0,1,0,1,0,1,0,0,0,0,1,0,0,0,1,0,0,1,0,0,0,0,1,0
190,1082,34.0,26.0,2,0,1,0,1,0,0,0,0,1,0,0,0,1,0,0,0,1,0,0,0,1,0
191,1083,29.0,26.0,1,0,1,1,0,0,0,0,0,1,0,0,0,1,0,0,0,1,0,0,0,1,0
193,1085,61.0,12.35,1,0,1,0,1,0,0,0,0,1,0,0,0,1,0,0,1,0,0,0,1,0,0
195,1087,33.0,7.8542,1,0,1,0,0,1,0,0,0,1,0,0,0,1,0,1,0,0,0,0,0,1,0
198,1090,23.0,10.5,1,0,1,0,1,0,0,0,0,1,0,0,0,1,0,0,1,0,0,0,0,1,0
204,1096,25.0,10.5,1,0,1,0,1,0,0,0,0,1,0,0,0,1,0,0,1,0,0,0,0,1,0
205,1097,29.0,25.7417,1,0,1,1,0,0,0,0,0,1,0,0,0,1,0,0,0,1,0,1,0,0,0
207,1099,24.0,10.5,1,0,1,0,1,0,0,0,0,1,0,0,0,1,0,0,1,0,0,0,0,1,0
209,1101,25.0,7.8958,1,0,1,0,0,1,0,0,0,1,0,0,0,1,0,1,0,0,0,0,0,1,0
210,1102,32.0,22.525,1,0,1,0,0,1,0,0,0,1,0,0,0,1,0,0,0,1,0,0,0,1,0
211,1103,29.0,7.05,1,0,1,0,0,1,0,0,0,1,0,0,0,1,0,1,0,0,0,0,0,1,0
212,1104,17.0,73.5,1,0,1,0,1,0,0,0,0,1,0,0,0,0,1,0,0,0,1,0,0,1,0
214,1106,38.0,7.775,7,0,0,0,0,1,0,0,1,0,0,0,0,1,0,1,0,0,0,0,0,1,0
215,1107,42.0,42.5,1,0,1,1,0,0,0,0,0,1,0,0,0,1,0,0,0,0,1,0,0,1,0
217,1109,57.0,164.8667,3,0,1,1,0,0,0,0,0,1,0,0,0,1,0,0,0,0,1,0,0,1,0
219,1111,29.0,8.05,1,0,1,0,0,1,0,0,0,1,0,0,0,1,0,0,1,0,0,0,0,1,0
221,1113,21.0,8.05,1,0,1,0,0,1,0,0,0,1,0,0,0,1,0,0,1,0,0,0,0,1,0
223,1115,21.0,7.7958,1,0,1,0,0,1,0,0,0,1,0,0,0,1,0,1,0,0,0,0,0,1,0
226,1118,23.0,7.7958,1,0,1,0,0,1,0,0,0,1,0,0,0,1,0,1,0,0,0,0,0,1,0
228,1120,40.5,15.1,1,0,1,0,0,1,0,0,0,1,0,0,0,1,0,0,0,1,0,0,0,1,0
229,1121,36.0,13.0,1,0,1,0,1,0,0,0,0,1,0,0,0,1,0,0,1,0,0,0,0,1,0
230,1122,14.0,65.0,1,0,1,0,1,0,0,0,0,1,0,0,0,0,1,0,0,0,1,0,0,1,0
232,1124,21.0,6.4958,2,0,1,0,0,1,0,0,0,1,0,0,0,1,0,1,0,0,0,0,0,1,0
233,1125,29.0,7.8792,1,0,1,0,0,1,0,0,0,1,0,0,0,1,0,1,0,0,0,0,1,0,0
234,1126,39.0,71.2833,2,0,1,1,0,0,0,0,0,1,0,0,0,1,0,0,0,0,1,1,0,0,0
235,1127,20.0,7.8542,1,0,1,0,0,1,0,0,0,1,0,0,0,1,0,1,0,0,0,0,0,1,0
236,1128,64.0,75.25,2,0,1,1,0,0,0,0,0,1,0,0,0,1,0,0,0,0,1,1,0,0,0
237,1129,20.0,7.225,1,0,1,0,0,1,0,0,0,1,0,0,0,1,0,1,0,0,0,1,0,0,0
242,1134,45.0,134.5,3,0,1,1,0,0,0,0,0,1,0,0,0,1,0,0,0,0,1,1,0,0,0
243,1135,29.0,7.8875,1,0,1,0,0,1,0,0,0,1,0,0,0,1,0,1,0,0,0,0,0,1,0
245,1137,41.0,51.8625,2,0,1,1,0,0,0,0,0,1,0,0,0,1,0,0,0,0,1,0,0,1,0
247,1139,42.0,32.5,3,0,1,0,1,0,0,0,0,1,0,0,0,1,0,0,0,0,1,0,0,1,0
251,1143,20.0,7.925,1,0,1,0,0,1,0,0,0,1,0,0,0,1,0,0,1,0,0,0,0,1,0
252,1144,27.0,136.7792,2,0,1,1,0,0,0,0,0,1,0,0,0,1,0,0,0,0,1,1,0,0,0
253,1145,24.0,9.325,1,0,1,0,0,1,0,0,0,1,0,0,0,1,0,0,1,0,0,0,0,1,0
254,1146,32.5,9.5,1,0,1,0,0,1,0,0,0,1,0,0,0,1,0,0,1,0,0,0,0,1,0
255,1147,29.0,7.55,1,0,1,0,0,1,0,0,0,1,0,0,0,1,0,1,0,0,0,0,0,1,0
256,1148,29.0,7.75,1,0,1,0,0,1,0,0,0,1,0,0,0,1,0,1,0,0,0,0,1,0,0
257,1149,28.0,8.05,1,0,1,0,0,1,0,0,0,1,0,0,0,1,0,0,1,0,0,0,0,1,0
259,1151,21.0,7.775,1,0,1,0,0,1,0,0,0,1,0,0,0,1,0,1,0,0,0,0,0,1,0
260,1152,36.5,17.4,2,0,1,0,0,1,0,0,0,1,0,0,0,1,0,0,0,1,0,0,0,1,0
261,1153,21.0,7.8542,1,0,1,0,0,1,0,0,0,1,0,0,0,1,0,1,0,0,0,0,0,1,0
264,1156,30.0,12.7375,1,0,1,0,1,0,0,0,0,1,0,0,0,1,0,0,1,0,0,1,0,0,0
265,1157,29.0,7.8958,1,0,1,0,0,1,0,0,0,1,0,0,0,1,0,1,0,0,0,0,0,1,0
266,1158,29.0,0.0,1,0,1,1,0,0,0,0,0,1,0,0,0,1,0,1,0,0,0,0,0,1,0
267,1159,29.0,7.55,1,0,1,0,0,1,0,0,0,1,0,0,0,1,0,1,0,0,0,0,0,1,0
269,1161,17.0,8.6625,1,0,1,0,0,1,0,0,0,1,0,0,0,0,1,0,1,0,0,0,0,1,0
270,1162,46.0,75.2417,1,0,1,1,0,0,0,0,0,1,0,0,0,1,0,0,0,0,1,1,0,0,0
271,1163,29.0,7.75,1,0,1,0,0,1,0,0,0,1,0,0,0,1,0,1,0,0,0,0,1,0,0
274,1166,29.0,7.225,1,0,1,0,0,1,0,0,0,1,0,0,0,1,0,1,0,0,0,1,0,0,0
276,1168,28.0,10.5,1,0,1,0,1,0,0,0,0,1,0,0,0,1,0,0,1,0,0,0,0,1,0
277,1169,40.0,26.0,2,0,1,0,1,0,0,0,0,1,0,0,0,1,0,0,0,1,0,0,0,1,0
278,1170,30.0,21.0,2,0,1,0,1,0,0,0,0,1,0,0,0,1,0,0,0,1,0,0,0,1,0
279,1171,22.0,10.5,1,0,1,0,1,0,0,0,0,1,0,0,0,1,0,0,1,0,0,0,0,1,0
285,1177,36.0,7.25,1,0,1,0,0,1,0,0,0,1,0,0,0,1,0,1,0,0,0,0,0,1,0
286,1178,29.0,7.25,1,0,1,0,0,1,0,0,0,1,0,0,0,1,0,1,0,0,0,0,0,1,0
287,1179,24.0,82.2667,2,0,1,1,0,0,0,0,0,1,0,0,0,1,0,0,0,0,1,0,0,1,0
288,1180,29.0,7.2292,1,0,1,0,0,1,0,0,0,1,0,0,0,1,0,1,0,0,0,1,0,0,0
289,1181,29.0,8.05,1,0,1,0,0,1,0,0,0,1,0,0,0,1,0,0,1,0,0,0,0,1,0
290,1182,29.0,39.6,1,0,1,1,0,0,0,0,0,1,0,0,0,1,0,0,0,0,1,0,0,1,0
292,1184,29.0,7.2292,1,0,1,0,0,1,0,0,0,1,0,0,0,1,0,1,0,0,0,1,0,0,0
293,1185,53.0,81.8583,3,0,1,1,0,0,0,0,0,0,0,1,0,1,0,0,0,0,1,0,0,1,0
294,1186,36.0,9.5,1,0,1,0,0,1,0,0,0,1,0,0,0,1,0,0,1,0,0,0,0,1,0
295,1187,26.0,7.8958,1,0,1,0,0,1,0,0,0,1,0,0,0,1,0,1,0,0,0,0,0,1,0
297,1189,29.0,21.6792,3,0,1,0,0,1,0,0,0,1,0,0,0,1,0,0,0,1,0,1,0,0,0
298,1190,30.0,45.5,1,0,1,1,0,0,0,0,0,1,0,0,0,1,0,0,0,0,1,0,0,1,0
299,1191,29.0,7.8542,1,0,1,0,0,1,0,0,0,1,0,0,0,1,0,1,0,0,0,0,0,1,0
300,1192,32.0,7.775,1,0,1,0,0,1,0,0,0,1,0,0,0,1,0,1,0,0,0,0,0,1,0
301,1193,29.0,15.0458,1,0,1,0,1,0,0,0,0,1,0,0,0,1,0,0,0,1,0,1,0,0,0
302,1194,43.0,21.0,2,0,1,0,1,0,0,0,0,1,0,0,0,1,0,0,0,1,0,0,0,1,0
303,1195,24.0,8.6625,1,0,1,0,0,1,0,0,0,1,0,0,0,1,0,0,1,0,0,0,0,1,0
306,1198,30.0,151.55,4,0,1,1,0,0,0,0,0,1,0,0,0,1,0,0,0,0,1,0,0,1,0
308,1200,55.0,93.5,3,0,1,1,0,0,0,0,0,1,0,0,0,1,0,0,0,0,1,0,0,1,0
310,1202,18.0,8.6625,1,0,1,0,0,1,0,0,0,1,0,0,0,1,0,0,1,0,0,0,0,1,0
311,1203,22.0,7.225,1,0,1,0,0,1,0,0,0,1,0,0,0,1,0,1,0,0,0,1,0,0,0
312,1204,29.0,7.575,1,0,1,0,0,1,0,0,0,1,0,0,0,1,0,1,0,0,0,0,0,1,0
316,1208,57.0,146.5208,2,0,1,1,0,0,0,0,0,1,0,0,0,1,0,0,0,0,1,1,0,0,0
317,1209,19.0,10.5,1,0,1,0,1,0,0,0,0,1,0,0,0,1,0,0,1,0,0,0,0,1,0
318,1210,27.0,7.8542,1,0,1,0,0,1,0,0,0,1,0,0,0,1,0,1,0,0,0,0,0,1,0
319,1211,22.0,31.5,3,0,1,0,1,0,0,0,0,1,0,0,0,1,0,0,0,0,1,0,0,1,0
320,1212,26.0,7.775,1,0,1,0,0,1,0,0,0,1,0,0,0,1,0,1,0,0,0,0,0,1,0
321,1213,25.0,7.2292,1,0,1,0,0,1,0,0,0,1,0,0,0,1,0,1,0,0,0,1,0,0,0
322,1214,26.0,13.0,1,0,1,0,1,0,0,0,0,1,0,0,0,1,0,0,1,0,0,0,0,1,0
323,1215,33.0,26.55,1,0,1,1,0,0,0,0,0,1,0,0,0,1,0,0,0,1,0,0,0,1,0
325,1217,23.0,7.05,1,0,1,0,0,1,0,0,0,1,0,0,0,1,0,1,0,0,0,0,0,1,0
327,1219,46.0,79.2,1,0,1,1,0,0,0,0,0,1,0,0,0,1,0,0,0,0,1,1,0,0,0
328,1220,29.0,26.0,2,0,1,0,1,0,0,0,0,1,0,0,0,1,0,0,0,1,0,0,0,1,0
329,1221,21.0,13.0,1,0,1,0,1,0,0,0,0,1,0,0,0,1,0,0,1,0,0,0,0,1,0
331,1223,39.0,29.7,1,0,1,1,0,0,0,0,0,1,0,0,0,1,0,0,0,1,0,1,0,0,0
332,1224,29.0,7.225,1,0,1,0,0,1,0,0,0,1,0,0,0,1,0,1,0,0,0,1,0,0,0
334,1226,27.0,7.8958,1,0,1,0,0,1,0,0,0,1,0,0,0,1,0,1,0,0,0,0,0,1,0
335,1227,30.0,26.0,1,0,1,1,0,0,0,0,0,1,0,0,0,1,0,0,0,1,0,0,0,1,0
336,1228,32.0,13.0,1,0,1,0,1,0,0,0,0,1,0,0,0,1,0,0,1,0,0,0,0,1,0
337,1229,39.0,7.2292,3,0,1,0,0,1,0,0,0,1,0,0,0,1,0,1,0,0,0,1,0,0,0
338,1230,25.0,31.5,1,0,1,0,1,0,0,0,0,1,0,0,0,1,0,0,0,0,1,0,0,1,0
340,1232,18.0,10.5,1,0,1,0,1,0,0,0,0,1,0,0,0,1,0,0,1,0,0,0,0,1,0
341,1233,32.0,7.5792,1,0,1,0,0,1,0,0,0,1,0,0,0,1,0,1,0,0,0,0,0,1,0
342,1234,29.0,69.55,11,0,1,0,0,1,0,0,0,1,0,0,0,1,0,0,0,0,1,0,0,1,0
346,1238,26.0,13.0,1,0,1,0,1,0,0,0,0,1,0,0,0,1,0,0,1,0,0,0,0,1,0
348,1240,24.0,13.5,1,0,1,0,1,0,0,0,0,1,0,0,0,1,0,0,1,0,0,0,0,1,0
351,1243,25.0,10.5,1,0,1,0,1,0,0,0,0,1,0,0,0,1,0,0,1,0,0,0,0,1,0
352,1244,18.0,73.5,1,0,1,0,1,0,0,0,0,1,0,0,0,1,0,0,0,0,1,0,0,1,0
353,1245,49.0,65.0,4,0,1,0,1,0,0,0,0,1,0,0,0,1,0,0,0,0,1,0,0,1,0
355,1247,50.0,26.0,1,0,1,1,0,0,0,0,0,1,0,0,0,1,0,0,0,1,0,0,0,1,0
357,1249,29.0,7.8792,1,0,1,0,0,1,0,0,0,1,0,0,0,1,0,1,0,0,0,0,0,1,0
358,1250,29.0,7.75,1,0,1,0,0,1,0,0,0,1,0,0,0,1,0,1,0,0,0,0,1,0,0
360,1252,14.5,69.55,11,0,1,0,0,1,0,1,0,0,0,0,0,0,1,0,0,0,1,0,0,1,0
363,1255,27.0,8.6625,1,0,1,0,0,1,0,0,0,1,0,0,0,1,0,0,1,0,0,0,0,1,0
365,1257,35.0,69.55,11,1,0,0,0,1,0,0,0,0,1,0,0,1,0,0,0,0,1,0,0,1,0
366,1258,29.0,14.4583,2,0,1,0,0,1,0,0,0,1,0,0,0,1,0,0,0,1,0,1,0,0,0
369,1261,29.0,13.8583,1,0,1,0,1,0,0,0,0,1,0,0,0,1,0,0,1,0,0,1,0,0,0
370,1262,21.0,11.5,2,0,1,0,1,0,0,0,0,1,0,0,0,1,0,0,1,0,0,0,0,1,0
372,1264,49.0,0.0,1,0,1,1,0,0,0,0,0,1,0,0,0,1,0,1,0,0,0,0,0,1,0
373,1265,44.0,13.0,1,0,1,0,1,0,0,0,0,1,0,0,0,1,0,0,1,0,0,0,0,1,0
376,1268,22.0,8.6625,3,0,0,0,0,1,0,0,1,0,0,0,0,1,0,0,1,0,0,0,0,1,0
377,1269,21.0,11.5,1,0,1,0,1,0,0,0,0,1,0,0,0,1,0,0,1,0,0,0,0,1,0
378,1270,55.0,50.0,1,0,1,1,0,0,0,0,0,1,0,0,0,1,0,0,0,0,1,0,0,1,0
379,1271,5.0,31.3875,7,0,1,0,0,1,0,1,0,0,0,0,0,0,1,0,0,0,1,0,0,1,0
380,1272,29.0,7.75,1,0,1,0,0,1,0,0,0,1,0,0,0,1,0,1,0,0,0,0,1,0,0
381,1273,26.0,7.8792,1,0,1,0,0,1,0,0,0,1,0,0,0,1,0,1,0,0,0,0,1,0,0
384,1276,29.0,12.875,1,0,1,0,1,0,0,0,0,1,0,0,0,1,0,0,1,0,0,0,0,1,0
386,1278,24.0,7.775,1,0,1,0,0,1,0,0,0,1,0,0,0,1,0,1,0,0,0,0,0,1,0
387,1279,57.0,13.0,1,0,1,0,1,0,0,0,0,1,0,0,0,1,0,0,1,0,0,0,0,1,0
388,1280,21.0,7.75,1,0,1,0,0,1,0,0,0,1,0,0,0,1,0,1,0,0,0,0,1,0,0
389,1281,6.0,21.075,5,0,1,0,0,1,0,1,0,0,0,0,0,0,1,0,0,1,0,0,0,1,0
390,1282,23.0,93.5,1,0,1,1,0,0,0,0,0,1,0,0,0,1,0,0,0,0,1,0,0,1,0
393,1285,47.0,10.5,1,0,1,0,1,0,0,0,0,1,0,0,0,1,0,0,1,0,0,0,0,1,0
394,1286,29.0,22.025,5,0,1,0,0,1,0,0,0,1,0,0,0,1,0,0,0,1,0,0,0,1,0
396,1288,24.0,7.25,1,0,1,0,0,1,0,0,0,1,0,0,0,1,0,1,0,0,0,0,1,0,0
398,1290,22.0,7.775,1,0,1,0,0,1,0,0,0,1,0,0,0,1,0,1,0,0,0,0,0,1,0
399,1291,31.0,7.7333,1,0,1,0,0,1,0,0,0,1,0,0,0,1,0,1,0,0,0,0,1,0,0
401,1293,38.0,21.0,2,0,1,0,1,0,0,0,0,1,0,0,0,1,0,0,0,1,0,0,0,1,0
404,1296,43.0,27.7208,2,0,1,1,0,0,0,0,0,1,0,0,0,1,0,0,0,1,0,1,0,0,0
405,1297,20.0,13.8625,1,0,1,0,1,0,0,0,0,1,0,0,0,1,0,0,1,0,0,1,0,0,0
406,1298,23.0,10.5,2,0,1,0,1,0,0,0,0,1,0,0,0,1,0,0,1,0,0,0,0,1,0
407,1299,50.0,211.5,3,0,1,1,0,0,0,0,0,1,0,0,0,1,0,0,0,0,1,1,0,0,0
413,1305,29.0,8.05,1,0,1,0,0,1,0,0,0,1,0,0,0,1,0,0,1,0,0,0,0,1,0
415,1307,38.5,7.25,1,0,1,0,0,1,0,0,0,1,0,0,0,1,0,1,0,0,0,0,0,1,0
416,1308,29.0,8.05,1,0,1,0,0,1,0,0,0,1,0,0,0,1,0,0,1,0,0,0,0,1,0
